instrument,note,p_hat,r2,n_min_fit,n_max_fit
Clarinet,A3,1.341509326907264,0.828902474327515,30,60
Clarinet,A4,4.491426236167831,0.9083330415586943,30,49
Clarinet,C4,1.3056097025588627,0.987354172526065,30,60
Flute,A4,3.3194259753014115,0.8004127261103373,10,24
Flute,B3,5.73684784585653,0.9481638159060662,20,40
Flute,C4,4.532217712146342,0.777127156034189,13,27
